Глава 5	/document/cons_doc_LAW_34661/65950adc8486d40d31faf05f1b815f1bf7897ed2/
Глава 5	/document/cons_doc_LAW_34661/d152e9fe28b2a02960701035b5504cb6bdabc607/
Глава 5	/document/cons_doc_LAW_34661/be2c7e5355fd620186edb2c60b566fabdb2fdce8/
Глава 5	/document/cons_doc_LAW_34661/206a133237bfede65793d21c0471b8f7b1a06f37/
Глава 5	/document/cons_doc_LAW_34661/4dec7cf689aeb1343b5d4de5a9caa49d392a8560/
Глава 5	/document/cons_doc_LAW_34661/9091e52ce66a65515ac01dff03c3da754571f42e/
Глава 5	/document/cons_doc_LAW_34661/eb47b3e398aff8324fa7e93fe5bf1f580f99c11b/
Глава 5	/document/cons_doc_LAW_34661/c47da3485e8fadf56f5aa155742fa31be5b4ad7f/
Глава 5	/document/cons_doc_LAW_34661/fee558e8a93c4689b72b289917b35f5f90305505/
Глава 5	/document/cons_doc_LAW_34661/77f9b1cce5fa5ed7afd8e2678daa94045f69a0a1/
Глава 5	/document/cons_doc_LAW_34661/61a3ee25b04f55dd70e013558db2ea3c6dce4df5/
Глава 5	/document/cons_doc_LAW_34661/89b32b95e03dfb86e33f0a9fd7f3e28b1b158aba/
Глава 5	/document/cons_doc_LAW_34661/d6114ff12072b418dd70b98f4040747506979f61/
Глава 5	/document/cons_doc_LAW_34661/1b3ba67bfbd8e462fdda54aa57ddcae6ac0bf620/
Глава 5	/document/cons_doc_LAW_34661/613186ae6432fd03484515c24b1ac63c538e97be/
Глава 5	/document/cons_doc_LAW_34661/8f82feee7c8fe9bf9cb7e01da2e24e8fff6ddce8/
Глава 5	/document/cons_doc_LAW_34661/bcac1b893f6268a2c3eb7db82c4cb07763093353/
Глава 5	/document/cons_doc_LAW_34661/dd46abaa0aa32e2cac2eaaa4118ed96c7345c764/
Глава 5	/document/cons_doc_LAW_34661/37b8e5ec2c63057e4db31d8bf2b6540f177a391f/
Глава 5	/document/cons_doc_LAW_34661/f37d2d4cc128d4299b40118dd5f59405e7073569/
Глава 5	/document/cons_doc_LAW_34661/95a58a31a5624be71ce6adf357c1feb1290f2d11/
Глава 5	/document/cons_doc_LAW_34661/4fc64fb609358d0fe030034d648cfcfc241c1e16/
Глава 5	/document/cons_doc_LAW_34661/98469ada23d61b326d4206295a61f0a5fce2762a/
Глава 5	/document/cons_doc_LAW_34661/9dccc4ba7a34a4c79f4cc2b5480201e0d2839044/
Глава 5	/document/cons_doc_LAW_34661/ca82e094f1dcf553b6a4bfa7b9a3271b38922c98/
Глава 5	/document/cons_doc_LAW_34661/7ff50b874c8cbce814266fd45eb5fff8b30449b6/
Глава 5	/document/cons_doc_LAW_34661/88755cc3b9fd053aebba33b58078eb459aa5a1d8/
Глава 5	/document/cons_doc_LAW_34661/7b9ef0ed5f3a121502525871cb92d146109614b6/
Глава 5	/document/cons_doc_LAW_34661/44c5c181e5c8fc29150bc7234628d348a63b9ab4/
Глава 5	/document/cons_doc_LAW_34661/06b30f7163bd302bc5bfeb98ad578bc1bf8337c7/
Глава 5	/document/cons_doc_LAW_34661/443a012759a4fbfbeeb1825c0ccbff6fb44c325c/
Глава 5	/document/cons_doc_LAW_34661/f01cd0a530c225728e05f28cb1fe1509daf45ef5/
Глава 5	/document/cons_doc_LAW_34661/997df034ab251748978ae9a89df3756081a8ca73/
Глава 5	/document/cons_doc_LAW_34661/9f6fcd4bd5829cdc4844bdbc967bbbb8b1eda981/
Глава 5	/document/cons_doc_LAW_34661/8c909d7721021e06a0cd78ded36d20014e532670/
Глава 5	/document/cons_doc_LAW_34661/c2ff163d4e894965c3460251d75bf140fc9042d7/
Глава 5	/document/cons_doc_LAW_34661/6ded8f7f9f9737c0ebc47ef1559e983a82653e1a/
Глава 5	/document/cons_doc_LAW_34661/36c570911d0ff9eda36533d410665e23f6259f2c/
Глава 5	/document/cons_doc_LAW_34661/d6dc2f1b69641a1cb46d1069aa14b2d10eaefc67/
Глава 5	/document/cons_doc_LAW_34661/aba88b14e90f59a48e8cbe3ca0741ba0328f1ec4/
Глава 5	/document/cons_doc_LAW_34661/7e03cfbb2b784bfff06c6967019969d466191309/
Глава 5	/document/cons_doc_LAW_34661/071a363a6d7050d4f7fc8bc197b0856d75eee598/
Глава 5	/document/cons_doc_LAW_34661/cad4aa5910c6425ab417a26eee12946efa6df1bb/
Глава 5	/document/cons_doc_LAW_34661/9f64c5578be72ce9983c75f0bf0573b10697b1f1/
Глава 5	/document/cons_doc_LAW_34661/bfa27c46580727cc763a0729a5e28afdfc7f58b6/
Глава 5	/document/cons_doc_LAW_34661/56b2fb8f4dd44a666d1ce714cca966ffea098281/
Глава 5	/document/cons_doc_LAW_34661/5c16867954865d83050574322b30edd09b8aa688/
Глава 5	/document/cons_doc_LAW_34661/dca2ab8e99f556ba177b1d0f1d9ab6693c12edc7/
Глава 5	/document/cons_doc_LAW_34661/8a4a2ddbdcb60d8a6a392ce5b2605207676579d7/
Глава 5	/document/cons_doc_LAW_34661/383a79e96b2eb9b499d8efc323d2f924bd02b75a/
Глава 5	/document/cons_doc_LAW_34661/9773ad347407aa2e19c590c38214c9a2149fe7b9/
Глава 5	/document/cons_doc_LAW_34661/0baaf8e4d5dc5938f93dd0379e6fbc3f671427d2/
Глава 5	/document/cons_doc_LAW_34661/4d203a22f2eed7023c31e9310abb0652b170020c/
Глава 5	/document/cons_doc_LAW_34661/a339a131911d6de67fca2dd1e5f14b04ea9a677a/
Глава 5	/document/cons_doc_LAW_34661/047294ab0b10dcea844c6f8cfc311472a76cd9bb/
Глава 5	/document/cons_doc_LAW_34661/2bc09fc727a25e944d906975af1e478f9626aef6/
Глава 5	/document/cons_doc_LAW_34661/e11da0ae633efce210fcc6833653175132f56bb3/
Глава 5	/document/cons_doc_LAW_34661/d77345129355a19915d59a897cdff745a2a55258/
Глава 5	/document/cons_doc_LAW_34661/d40cbd099d17057d9697b15ee8368e49953416ae/
Глава 5	/document/cons_doc_LAW_34661/16b1d61a961fe8d83c27babe7b4d5c1f9c76ab6b/
Глава 5	/document/cons_doc_LAW_34661/8b36cedfef8c1b205cdbdcd85ee7a7dc250f5109/
Глава 5	/document/cons_doc_LAW_34661/7e682bbd731c6b2df075f2f445eb89c90befb03d/
Глава 5	/document/cons_doc_LAW_34661/551ed8df60000dc398c65f25d5f4abf05825fd56/
Глава 5	/document/cons_doc_LAW_34661/772806c6726dcabcc6d5438b3cd8d1ef9a51496e/
Глава 5	/document/cons_doc_LAW_34661/8592e3857060ee379dc5c3222f10e1617aebabd0/
Глава 5	/document/cons_doc_LAW_34661/eb2da6bb211572a8abef66f383f9a948c6ef8ec6/
Глава 5	/document/cons_doc_LAW_34661/594cb27d4ac395a4d193c7473cc2b6b01fb19556/
Глава 5	/document/cons_doc_LAW_34661/f280e377410b58edb0a2a43ab566f3f620b09cc5/
Глава 5	/document/cons_doc_LAW_34661/54bf43dd82a7964fd353a650812cd2a5d9096e1a/
Глава 6	/document/cons_doc_LAW_34661/c945204f02cde298ff6811d10ac096655d1096e4/
Глава 6	/document/cons_doc_LAW_34661/60181baf1ef1b44ac9f14a132d960f0008f1c155/
Глава 6	/document/cons_doc_LAW_34661/1ae890ea11e5cdae71bf755830d45f915bbbb317/
Глава 6	/document/cons_doc_LAW_34661/c967eb7a901005316559be99424c3a824dc426b0/
Глава 6	/document/cons_doc_LAW_34661/a68ededf3034687694da255d849187e16e3fdd40/
Глава 6	/document/cons_doc_LAW_34661/0d733d8a9e018c4840564cff41afbe7d0776aa5b/
Глава 6	/document/cons_doc_LAW_34661/8aa5311a180b0a167a067db0bbee05bfb16a8bbf/
Глава 6	/document/cons_doc_LAW_34661/dceffcf2617aa8cbad91f46398ce0beab3d0ea76/
Глава 6	/document/cons_doc_LAW_34661/550ad8ec81e3b9f3eddff918a76e2c558862a10c/
Глава 6	/document/cons_doc_LAW_34661/8c58af8ec7516f0ddf1334e950f3a60ea525ca28/
Глава 6	/document/cons_doc_LAW_34661/6b8bbf2b2605b8ac8baee51ec758a3b2c2fe75c4/
Глава 6	/document/cons_doc_LAW_34661/62a33feace353b8f4b16eac1ed9089790d13803e/
Глава 6	/document/cons_doc_LAW_34661/07bd52fe9bc2d3da5a6acac9705bafb9447abcdb/
Глава 6	/document/cons_doc_LAW_34661/954b8f2b542e295864cb885699926c73d2836835/
Глава 6	/document/cons_doc_LAW_34661/f2a00a6684d3e918fc6216b6141c4d097db50e02/
Глава 6	/document/cons_doc_LAW_34661/a0b56735925bbd4bb79e312166a9c8d48d89c025/
Глава 6	/document/cons_doc_LAW_34661/97da26cd8573a1f251fe05c6a0398470a9d3ad71/
Глава 6	/document/cons_doc_LAW_34661/5db05a59f135015293fd5f59ab28afa80072eba9/
Глава 6	/document/cons_doc_LAW_34661/f9c1d5460f82b8045510bf3201e9b1a45ce4a233/
Глава 6	/document/cons_doc_LAW_34661/095cf3d72883289f916eab42a9925e29ddb731a7/
Глава 6	/document/cons_doc_LAW_34661/6cf7fd56ba2f8ca36e55ef067ade386bc0d080f6/
Глава 6	/document/cons_doc_LAW_34661/38aea5cc2706fc15af7db2c4b3230df210f15b16/
Глава 6	/document/cons_doc_LAW_34661/0d26c0049a5f3b7a6a8e8455e4cde2ff96603c10/
Глава 6	/document/cons_doc_LAW_34661/81cb51d5527448f025c763fa80bd00e56a8789e2/
Глава 6	/document/cons_doc_LAW_34661/d4344568bd586d541d39273855ba64ba9d18e84a/
Глава 6	/document/cons_doc_LAW_34661/22bad0cdd0c3f78c22cfde9be44758f91e9f3d6a/
Глава 6	/document/cons_doc_LAW_34661/12f943e726af72f842958879eb67698dcc3cefa5/
Глава 6	/document/cons_doc_LAW_34661/403be5c83fe5710cdcc42ed562fadac3a5cad77d/
Глава 6	/document/cons_doc_LAW_34661/02dd9bce8e2acfb217dac9355f32e950379ebcd7/
Глава 6	/document/cons_doc_LAW_34661/46823aa6addc9c22db5f465daf1fe3a53fc9d280/
Глава 6	/document/cons_doc_LAW_34661/c071f31826360869b6d721919eb3683f024d2142/
Глава 6	/document/cons_doc_LAW_34661/40cb3caede821316071f767ee0e6e15b3981ab75/
Глава 6	/document/cons_doc_LAW_34661/d929cf042d4f389eea75c7560e03a8fb9d60cd59/
Глава 6	/document/cons_doc_LAW_34661/1754554e26a28a50d951d61eac0ed3628618fadf/
Глава 6	/document/cons_doc_LAW_34661/df62d3a237c1b6f7fa528f172f13be5ee030375f/
Глава 6	/document/cons_doc_LAW_34661/a8159928f9b2c04cb230e3cfbbce2e5b87ef03a9/
Глава 6	/document/cons_doc_LAW_34661/a621b307f623dcfa5026243000e614be52b582c4/
Глава 6	/document/cons_doc_LAW_34661/9839f48c87312bf04a256bf25e09bcce5cf8e5dc/
Глава 6	/document/cons_doc_LAW_34661/073006d2a2a599f5529cc8f48875a6a7625cf3b9/
Глава 6	/document/cons_doc_LAW_34661/0ea7aa8a138ba4c407dede5a5f6028f51e50c47d/
Глава 6	/document/cons_doc_LAW_34661/4692274d9f4f47a15311ff6f1c140f3ccf38385f/
Глава 6	/document/cons_doc_LAW_34661/975962b08bf35d194d523634ea1825390db095b2/
Глава 7	/document/cons_doc_LAW_34661/fa8c874c78243c6562521b78a4fd9ad28888acdc/
Глава 7	/document/cons_doc_LAW_34661/2ebe79d94dd587cc80d2ad634bb3f637898c7490/
Глава 7	/document/cons_doc_LAW_34661/0dcc7e45e580575732df25b337143deb37ba917e/
Глава 7	/document/cons_doc_LAW_34661/efcdc50f184e131c21ae076b377b35f069906584/
Глава 7	/document/cons_doc_LAW_34661/c49aa4df1a2f942a91991747895b0c633d64951a/
Глава 7	/document/cons_doc_LAW_34661/6d9a8ddb018da490726519c3d5ad295d7ec8ec16/
Глава 7	/document/cons_doc_LAW_34661/349336d739ce452fe45cfc8fc2857d065126d8c0/
Глава 7	/document/cons_doc_LAW_34661/30a2f7f6ba6464641311b440423cc92976fe7bdf/
Глава 7	/document/cons_doc_LAW_34661/c01d32e18d4427e2f8b85ed37bf23502b6636979/
Глава 7	/document/cons_doc_LAW_34661/4767989b5a69509a62551bdd1de7afefc6532ad3/
Глава 7	/document/cons_doc_LAW_34661/38ae39c9c4f9501e2c080d13ff20587d2b8f5837/
Глава 7	/document/cons_doc_LAW_34661/6d3a764bb0e22830ad1cb6cdf022003e30b06c54/
Глава 7	/document/cons_doc_LAW_34661/a0f9f60420c8b33805083637321d5a2d39a3c7cf/
Глава 7	/document/cons_doc_LAW_34661/8f000829a62bb4a7ffbba81f0f4b31a201041f0b/
Глава 7	/document/cons_doc_LAW_34661/60c7ac3b32ce82d061f555b95c13f8914a0de036/
Глава 7	/document/cons_doc_LAW_34661/9b75abaa900875026861148ead547d055dc03b36/
Глава 7	/document/cons_doc_LAW_34661/9eab4295dcdfba4c50ed63c07bdf49531a690f22/
Глава 7	/document/cons_doc_LAW_34661/bf30fba1baea906f529b5ad1c357e466689e1bae/
Глава 7	/document/cons_doc_LAW_34661/18852d7b504f123616968b7c3153c1f6e914c8ce/
Глава 7	/document/cons_doc_LAW_34661/25724f77f63b63eb20c10a470e9e2fb3a137f97c/
Глава 7	/document/cons_doc_LAW_34661/04841feea5ff9801975555b134a3bc7e1fa721e6/
Глава 7	/document/cons_doc_LAW_34661/b56b499ed268ebffbcfc2a02ca00836d4346b5c9/
Глава 7	/document/cons_doc_LAW_34661/6f607b7ca2a25138b70e7c9d0c9882950fd7e61a/
Глава 7	/document/cons_doc_LAW_34661/a2bdf458ee8e47b50718f9da3e8432892c52fe10/
Глава 7	/document/cons_doc_LAW_34661/4f1c3f3149326a3c8583cb05d1198e6ee45682af/
Глава 7	/document/cons_doc_LAW_34661/752f982deb5834d092eccb23b2f6c59d8446b76d/
Глава 7	/document/cons_doc_LAW_34661/a94bc54c3006f07a42cb4f390bbe3a8608a85b69/
Глава 7	/document/cons_doc_LAW_34661/baffc42ef1c77b0b7da2d28b006522f8114739c4/
Глава 7	/document/cons_doc_LAW_34661/02ac54fac460082c2aa18c46bf29236bfd2b4bf4/
Глава 7	/document/cons_doc_LAW_34661/5d1488e5c31a66036b5133a2efdac5938e28a93d/
Глава 7	/document/cons_doc_LAW_34661/412ce6914fb424f026e8cd400b1232288835797d/
Глава 7	/document/cons_doc_LAW_34661/bb7c38a38530dd3f869930385770850e76c9c96f/
Глава 7	/document/cons_doc_LAW_34661/429e8bff865b641428a822b8d98de025a3a3a64f/
Глава 7	/document/cons_doc_LAW_34661/982be903349ad79cb058fae85d72505eabf8f044/
Глава 7	/document/cons_doc_LAW_34661/e0478c3ea141bd3f45e99eec360e0e913e1329a3/
Глава 7	/document/cons_doc_LAW_34661/01a40298c6209c4e3b089b07ffdb3cea5053271c/
Глава 7	/document/cons_doc_LAW_34661/9d5018eda9f2303425c241a061f50b03fddbc221/
Глава 7	/document/cons_doc_LAW_34661/5e2c1fc4c00bc3fede4687765d8dc88ebe968cb5/
Глава 7	/document/cons_doc_LAW_34661/dc3e22f2517244a9bd44be880949284e70dde53d/
Глава 7	/document/cons_doc_LAW_34661/db02b1b794e68fb18b0394e8281f3eb74befdade/
Глава 7	/document/cons_doc_LAW_34661/39b9a5ddab09a0a0fcb396d932d8b0c1e10e6c4d/
Глава 7	/document/cons_doc_LAW_34661/782a1b4a93dac016a44950241c1999933e88fa4e/
Глава 7	/document/cons_doc_LAW_34661/93dafa9332d2526cfd6029ee294bcc9c63664ebe/
Глава 7	/document/cons_doc_LAW_34661/d6aa4cbf552406efe036ac5795f27fd90be7b4be/
Глава 7	/document/cons_doc_LAW_34661/dff793412e344a482f4467cb02f6ea2771dddc90/
Глава 7	/document/cons_doc_LAW_34661/643cf5d2e8e900f90a4a98ac6a8af0023e6c48fa/
Глава 7	/document/cons_doc_LAW_34661/0b8009a0132723cd031bd2b6e23b03851a5355e7/
Глава 7	/document/cons_doc_LAW_34661/9377b2d68c4134eabd0772b29d6ffa490b8db7b8/
Глава 7	/document/cons_doc_LAW_34661/6504eae9629363c167c33813758b72ad1d286141/
Глава 7	/document/cons_doc_LAW_34661/44e8153c920641376a3ca89b800c478d46f0c5ff/
Глава 8	/document/cons_doc_LAW_34661/74c4966028c8fc5ee374719197f6ae7f8c86e7f5/
Глава 8	/document/cons_doc_LAW_34661/43d2b6416a74a097f53f54a4766eea13670142b5/
Глава 8	/document/cons_doc_LAW_34661/8ccc331ffcacecd93f2821a235fb315b69d953e0/
Глава 8	/document/cons_doc_LAW_34661/65ecfbe7763c9a4677305cfd299c4dff4fce3a32/
Глава 8	/document/cons_doc_LAW_34661/22cb08758c93b52422541f9f4d3b3ffb4050a205/
Глава 8	/document/cons_doc_LAW_34661/b372d4e84870259981284fca2dadfeba3e40831b/
Глава 8	/document/cons_doc_LAW_34661/e2e5eec0a71863ab3176cbafe8b48f1c319b2b08/
Глава 8	/document/cons_doc_LAW_34661/fabbf284f6af18385675eb42996ac40996262477/
Глава 8	/document/cons_doc_LAW_34661/e0d1a7f1f4c4d6acd5d917cf288efb3bf9d27ddb/
Глава 8	/document/cons_doc_LAW_34661/71a2d94743d7102834f93c7969a571877b6eb766/
Глава 8	/document/cons_doc_LAW_34661/6155286370cfd04b387766296ce1f2fb208016a1/
Глава 8	/document/cons_doc_LAW_34661/2213b65b795a0b22fbbcfeeb814950c26f75457c/
Глава 8	/document/cons_doc_LAW_34661/07ca549c739fb93a63337b6c53a95a77cadbbbe1/
Глава 8	/document/cons_doc_LAW_34661/54179b602a94ee33b01318897e0f050dc25d73cf/
Глава 8	/document/cons_doc_LAW_34661/6ea9a6279dcca3b09e3773bfa2313c267c5a3dc2/
Глава 8	/document/cons_doc_LAW_34661/cf4a8e67fae2bb333687051e451aaa6c2af505af/
Глава 8	/document/cons_doc_LAW_34661/89909b915932bd14b2463f7a72d8f2380b47c0a2/
Глава 8	/document/cons_doc_LAW_34661/4dc9502cbb84c4aa71ed9025abfa2ee206c6b624/
Глава 8	/document/cons_doc_LAW_34661/35255d695b8333052bb92d6f4d50866c5fc5b4f5/
Глава 8	/document/cons_doc_LAW_34661/25b9b22f17749bf4d19c63e93800d74b236d6722/
Глава 8	/document/cons_doc_LAW_34661/934a8f16b3c8813e69c994cd12f707d380cfe297/
Глава 8	/document/cons_doc_LAW_34661/5735c346a8bbcd7bf6c6d8bdee96d7819b6cb2c1/
Глава 8	/document/cons_doc_LAW_34661/35a2ad7a6a62e09c174417e5f1464f36d03574a4/
Глава 8	/document/cons_doc_LAW_34661/dc7faabcb13c8cb6dff5cef22f9393e3c39b63a3/
Глава 8	/document/cons_doc_LAW_34661/262addf4b5fdfb11cbfd1f94336b90be162a6d3e/
Глава 8	/document/cons_doc_LAW_34661/7d21ea5266be083911d2f03a55c35a755d3be530/
Глава 8	/document/cons_doc_LAW_34661/17fcb2eb3203e26a11b8ea8153dea8f52b1c91e9/
Глава 8	/document/cons_doc_LAW_34661/c7987c2823b5ade0d7e290447b3112f659613be3/
Глава 8	/document/cons_doc_LAW_34661/37ebe6541330d8b22a5a3712695dc9cfed57f214/
Глава 8	/document/cons_doc_LAW_34661/3327e6ffba74322d6bf1e625626529d0dbcfc7a6/
Глава 8	/document/cons_doc_LAW_34661/3028e6f910d7af2fbf477d95249ffe8123eac569/
Глава 8	/document/cons_doc_LAW_34661/203ef7d03bf4be1751f26256ebfe721031fe6924/
Глава 8	/document/cons_doc_LAW_34661/8c32bf20b8c98e0e65a8e6ac481a5e111876e172/
Глава 8	/document/cons_doc_LAW_34661/1d1b56f204d872ea18273b6fb6fa852d09d5600f/
Глава 8	/document/cons_doc_LAW_34661/c4b8cdd1d8741bc8a43e6c59085310b304114548/
Глава 8	/document/cons_doc_LAW_34661/105b49b2ffb05c52cf71a4ad78da022ccf00ef8a/
Глава 8	/document/cons_doc_LAW_34661/c57e4e3034b2a992a42476cec930c499cf7d2eaa/
Глава 8	/document/cons_doc_LAW_34661/bcbf5fff234c3920f0218ab0676682e0dd4b97b7/
Глава 8	/document/cons_doc_LAW_34661/9e0d790f596e776f4990e06ac906c8d9cb9730d3/
Глава 8	/document/cons_doc_LAW_34661/c22c42cf0fa0b6aa990f99fca28cf241dcb70baa/
Глава 8	/document/cons_doc_LAW_34661/29ecdc7ca40b8cd8d06fbd3f7bc4494694c10b6c/
Глава 8	/document/cons_doc_LAW_34661/d34c0703874e1f8b317470d1781e7ed8f944a345/
Глава 8	/document/cons_doc_LAW_34661/2ccf2598ef9c4c2962dd79b6502785680c6661e3/
Глава 8	/document/cons_doc_LAW_34661/68ca4a612a21687694c2bb84a548c7e4d9687b4a/
Глава 8	/document/cons_doc_LAW_34661/f809a58c2e8f9a81876d181c4aa43ef758671cfe/
Глава 8	/document/cons_doc_LAW_34661/33b620245c09a587c86d175d6f29d4f293bbaf1c/
Глава 8	/document/cons_doc_LAW_34661/957a926c96e56ecea3bfc8f3a34c91b1b6a8016e/
Глава 8	/document/cons_doc_LAW_34661/473087cc0045e6675232943cade8b333c3781281/
Глава 8	/document/cons_doc_LAW_34661/cf99e0293a1ce4787bea5f9f4bc5c9a7ed46f7b5/
Глава 8	/document/cons_doc_LAW_34661/4b14d721c3cbb09fa0afe38ce8280c1a9b3be4a7/
Глава 8	/document/cons_doc_LAW_34661/838969f6bf3956be28b39e2a9ab51a33ca225242/
Глава 8	/document/cons_doc_LAW_34661/3c63286ca5a446849e937cb7249923614dba2425/
Глава 8	/document/cons_doc_LAW_34661/dd6a4827cf4f5970d7ac6401941f4a4f6e5e1b2b/
Глава 8	/document/cons_doc_LAW_34661/e3fb28fb4323430d34a914df76bac8adf79dd8d1/
Глава 8	/document/cons_doc_LAW_34661/5b23afa483fabb5a076b77194cdbe72977bbe563/
Глава 8	/document/cons_doc_LAW_34661/7462a7ddf86e8357bdd3857f9dc2fcb950732ed1/
Глава 8	/document/cons_doc_LAW_34661/65c16cc75c0a332e16b7fc8033d728bedb8f0f0e/
Глава 8	/document/cons_doc_LAW_34661/3916ccc9c099de08c507ba3a4acd583e5ec6b473/
Глава 8	/document/cons_doc_LAW_34661/3dd62d35592559e45e4748fb5129527f44ddc8d2/
Глава 8	/document/cons_doc_LAW_34661/0c0e4a85e9e79384a96616576c5ef4eaa606f671/
Глава 8	/document/cons_doc_LAW_34661/cedb2ecb384d6ebe23d3d651ca66ef13554a60c9/
Глава 8	/document/cons_doc_LAW_34661/78f6e0e0aa7cfb11da174c479eb1f23956ffa1e4/
Глава 8	/document/cons_doc_LAW_34661/81fec11937509e85a535f7bb46c4b3dee9dbd620/
Глава 8	/document/cons_doc_LAW_34661/8eedf319a08c8431d2521723be1f474d368cebbb/
Глава 8	/document/cons_doc_LAW_34661/e551df0779710d82f239cf60fcfc0d7772477044/
Глава 8	/document/cons_doc_LAW_34661/6ffb6bb5cd07a4b3f6ec4a00831576936d062453/
Глава 8	/document/cons_doc_LAW_34661/60c4db0153123f79e3b2b5f9540dbd1966a1df9a/
Глава 8	/document/cons_doc_LAW_34661/d9a6d25f398962b888daea637fbda69de08fbbd1/
Глава 8	/document/cons_doc_LAW_34661/181dcec75dc4e81a8696f8b6e48841d973109123/
Глава 8	/document/cons_doc_LAW_34661/179f40f3277efcffacec003bf5d81a1c6bc9c930/
Глава 9	/document/cons_doc_LAW_34661/6db72644d55f955ad23b924b678184a5d027d99f/
Глава 9	/document/cons_doc_LAW_34661/86994904b5032799ba4e73af023fe6df3fd8c321/
Глава 9	/document/cons_doc_LAW_34661/a7a86dd2c7047670c971b1c41896ce7e5c31666d/
Глава 9	/document/cons_doc_LAW_34661/bde91496f1b3cd03db7a7a3420daf43bb1e5bef0/
Глава 9	/document/cons_doc_LAW_34661/6e627b4ea95e572461cbacf2bfeb9e6cd8978b4b/
Глава 9	/document/cons_doc_LAW_34661/cb0058087249de92cd986fda043e76da5780a881/
Глава 9	/document/cons_doc_LAW_34661/e9b3443029ddb5fd4de957377bd53fae3a78db5d/
Глава 9	/document/cons_doc_LAW_34661/aadc0e0b1973ecb6466d4a74066dc1acd9b2d3b9/
Глава 9	/document/cons_doc_LAW_34661/2b4ad524af8e45f62213dc007c50e50ce852374e/
Глава 9	/document/cons_doc_LAW_34661/0414b051c5c44ef29dacfd3f8003b14c9efc9acc/
Глава 9	/document/cons_doc_LAW_34661/98dddd406663c029b49dc813ecd882ba067da34e/
Глава 9	/document/cons_doc_LAW_34661/3684bd341410eeb2a2f2fa8e4083898461a0d792/
Глава 9	/document/cons_doc_LAW_34661/f4ea59ea317d6587f0ef27f684527c39098a8f2e/
Глава 9	/document/cons_doc_LAW_34661/3e459c76a6292c09994771695d0475e22c298b59/
Глава 9	/document/cons_doc_LAW_34661/38450f57dce0fcb24dd7da751fb131a9a36813b0/
Глава 9	/document/cons_doc_LAW_34661/bf78a9c8f4ef827058a91b7f5d8e5864dc218073/
Глава 9	/document/cons_doc_LAW_34661/9e403687db318337e1451808305f01dd95b13866/
Глава 9	/document/cons_doc_LAW_34661/b62b4edeff019ef9d001060bb4ae763672b502bb/
Глава 9	/document/cons_doc_LAW_34661/a25042a02be572fe4311ebc6e6dce2e8cf38b4b5/
Глава 9	/document/cons_doc_LAW_34661/a1a529fbd19bffa791fa519bdedd332aacee676a/
Глава 9	/document/cons_doc_LAW_34661/6acb5a53fcb8d25bb2051fb1258dc52ee6526a16/
Глава 9	/document/cons_doc_LAW_34661/f95ada0e1e27700e878616b0bb1e330501bf1d83/
Глава 9	/document/cons_doc_LAW_34661/0c231c6a272dffc6f5ff74f79624c7d0b5e8a273/
Глава 9	/document/cons_doc_LAW_34661/1844d9441b3151de14284d6572d91a01f0451751/
Глава 9	/document/cons_doc_LAW_34661/d446ba6a2748b1518e809a05767922f4b559514a/
Глава 9	/document/cons_doc_LAW_34661/2bb5decfcd1c93f8d861a379b5671e8bd97efd1f/
Глава 10	/document/cons_doc_LAW_34661/e3d40f595e9095b3e4e015fcaee2683dca2d8ead/
Глава 10	/document/cons_doc_LAW_34661/49dc92b0eaf6858f3af6751e97ab9aeee2fe6d8d/
Глава 10	/document/cons_doc_LAW_34661/b704308ac4d4294476484cae1a17b0668ec783dc/
Глава 10	/document/cons_doc_LAW_34661/04a2024573f57229f8c9e0ace940aadab579872a/
Глава 10	/document/cons_doc_LAW_34661/22c944e5371a6375440eede2aa47de7141647618/
Глава 10	/document/cons_doc_LAW_34661/f0449e95d2d9764bf2972d9209aefa12634ed4fe/
Глава 10	/document/cons_doc_LAW_34661/2654ba42f5eeaec512148022c6a1f60f2a01219f/
Глава 10	/document/cons_doc_LAW_34661/be8718d87f48af3b8199f6383672c48bd66e47ef/
Глава 10	/document/cons_doc_LAW_34661/9125a44ee29940e7fb2c4d3e9b17fe2916b743b0/
Глава 10	/document/cons_doc_LAW_34661/5d58700f1e24e1b134cc76ae57b4644456e00287/
Глава 10	/document/cons_doc_LAW_34661/2d06fd63bb0a62ef6137cfbbf5ac910157544b03/
Глава 10	/document/cons_doc_LAW_34661/fe837338c2770158565906b6e08ef6b7200d7e7b/
Глава 10	/document/cons_doc_LAW_34661/cec814a4af8ac44baf5b60c10dcd2025c6e2534b/
Глава 10	/document/cons_doc_LAW_34661/c3c2eaa1f332f66b99054b4a87c6e4248306a7c5/
Глава 10	/document/cons_doc_LAW_34661/1b53fa5e8bc4d8ec7d9a82514f0b7b304660d4f6/
Глава 10	/document/cons_doc_LAW_34661/83ea966020864711da83d3836a2c57263fb638b0/
Глава 11	/document/cons_doc_LAW_34661/11f6ec8bfa20ad2c83b00588e1bbc9fc4a5da623/
Глава 11	/document/cons_doc_LAW_34661/3cbab613ff879b30ef778bc6cb321c89521a2448/
Глава 11	/document/cons_doc_LAW_34661/5574ef494c4bb21fa3ffa5f8e5874dfbc6e5c3d8/
Глава 11	/document/cons_doc_LAW_34661/bba564e67e0651848e6ad69944b073934450b51c/
Глава 11	/document/cons_doc_LAW_34661/d7d4e63ac9f712b30b77a326d6747f19649a424d/
Глава 11	/document/cons_doc_LAW_34661/c7a9586abe39ee3b8d44d962327e8d264aa84067/
Глава 11	/document/cons_doc_LAW_34661/9092ffa95569bb1e0956582cd2d1ea0ecc4a56c3/
Глава 11	/document/cons_doc_LAW_34661/e975d0ac3aaeece4f505bcf1fb4ad03565216b2c/
Глава 11	/document/cons_doc_LAW_34661/2c3ec3d4b86181177cafb8f10686c3b1460a4922/
Глава 11	/document/cons_doc_LAW_34661/abfd24abf86e4ff71299f8385beb3cf34a25c65b/
Глава 11	/document/cons_doc_LAW_34661/913de1826c6ee41fb159652dc94be43c1b955584/
Глава 11	/document/cons_doc_LAW_34661/1008ea2a31a97aede3e031147e70d34359b20ab4/
Глава 11	/document/cons_doc_LAW_34661/4e089fbe50836513267c23f59bf475bb569cec58/
Глава 11	/document/cons_doc_LAW_34661/fbd7aac60931088b5571317578fd09ca2679fb63/
Глава 11	/document/cons_doc_LAW_34661/29bc26653c9ed4659cd2e08ee0e6d4dee0396314/
Глава 11	/document/cons_doc_LAW_34661/1844eed33d449a938adcc778252cc0e5b2fe11d8/
Глава 11	/document/cons_doc_LAW_34661/275f9d3361c8ee401beeea6dbfb545abf4d0c705/
Глава 11	/document/cons_doc_LAW_34661/719561b0ee1e091c37a7cf840852c214fd409885/
Глава 11	/document/cons_doc_LAW_34661/bf14367b66ba5a52826da586dbefedf5a04b144f/
Глава 11	/document/cons_doc_LAW_34661/25241a35fc29a16bee2dfa0bd3a214609adf7259/
Глава 11	/document/cons_doc_LAW_34661/90aaa9575ba8084c2ffc1ab19d333aacb0d24e57/
Глава 11	/document/cons_doc_LAW_34661/8e60664b7729e9447c11234f41d1ad88572d046a/
Глава 11	/document/cons_doc_LAW_34661/959d0492bb75ec252110f4eca6ded2e8655b8f08/
Глава 11	/document/cons_doc_LAW_34661/7517f4f8607019856de063f4e6795994dbe58f12/
Глава 11	/document/cons_doc_LAW_34661/00bf1b74ec054b5146da61b22a98f9700475c89f/
Глава 11	/document/cons_doc_LAW_34661/be5354a8079bd0b55f654308b9c4a5b2d08c18de/
Глава 11	/document/cons_doc_LAW_34661/a9b4badb982c96dd301621fb27d324488d28b240/
Глава 11	/document/cons_doc_LAW_34661/b07283e020b04c368a46df7eacf1b1d8a9e500f9/
Глава 11	/document/cons_doc_LAW_34661/92757ef7b65dc945a9d1caa71b4266d401d13012/
Глава 11	/document/cons_doc_LAW_34661/3887e6e7c2183db4dfd48551276755832053c944/
Глава 11	/document/cons_doc_LAW_34661/b713123093aaa9ddc945602c1ae6f750e38c63f5/
Глава 11	/document/cons_doc_LAW_34661/46d821eba53084cb0cdfabe859d6c2df368b4d9c/
Глава 11	/document/cons_doc_LAW_34661/8a546411d8e3d0e1263cff6d0bd31658d9a5bef5/
Глава 11	/document/cons_doc_LAW_34661/e61bb41a47a4ba0a0b7b3cc32f2cff0aaa8c899d/
Глава 11	/document/cons_doc_LAW_34661/7870e75553e169db31dfc21dbe63739db23b2856/
Глава 11	/document/cons_doc_LAW_34661/65f953fe3c1d0117e99d8c9ee28a87c92b9b853d/
Глава 11	/document/cons_doc_LAW_34661/6679ab8d06a6c350eb66754141867bd0d6e1f64f/
Глава 11	/document/cons_doc_LAW_34661/96b396a9ab574a67417e7b5494869e33c1f08d2b/
Глава 11	/document/cons_doc_LAW_34661/a803b46af5450b02e3906f39ffe8968e10b73119/
Глава 11	/document/cons_doc_LAW_34661/9b306ddaf97d4cedb43045b02fd29e19f3692be3/
Глава 12	/document/cons_doc_LAW_34661/0a1fc4a4a97c33938faec3dea050cb4107c7948b/
Глава 12	/document/cons_doc_LAW_34661/d05b4d645906cb6fbf9b525a55f7d489e6f9691f/
Глава 12	/document/cons_doc_LAW_34661/0486252c9b58867b61fbeadf42daad5e67b324f1/
Глава 12	/document/cons_doc_LAW_34661/142618219ce0ada7527bd99b66b7a30633b31295/
Глава 12	/document/cons_doc_LAW_34661/6cd5aa8ecdc7be66e7f90b589e761ef77befaa02/
Глава 12	/document/cons_doc_LAW_34661/8854f2359dfca63486bc1efb9f95e6d2e4f003d4/
Глава 12	/document/cons_doc_LAW_34661/86d85d3d522bb77876c524278464db710a481926/
Глава 12	/document/cons_doc_LAW_34661/aa69183ecd988ed365aa7b0e5fffb687dc479b71/
Глава 12	/document/cons_doc_LAW_34661/85ebd6cb5138b31da96b1488716a764c41d50496/
Глава 12	/document/cons_doc_LAW_34661/2589a95e710dff5a9cba25e223c5d03303e8f45f/
Глава 12	/document/cons_doc_LAW_34661/9a867630caf3d0a1fd29d500fdfd7031f089d72c/
Глава 12	/document/cons_doc_LAW_34661/8e1db11085c966408d1ce0191aef369706a76759/
Глава 12	/document/cons_doc_LAW_34661/6058a9a27e0e1ed5b479b663a20aae1cc8215bec/
Глава 12	/document/cons_doc_LAW_34661/b6f168f17b4b62158e01b87d868f571a3e539725/
Глава 12	/document/cons_doc_LAW_34661/3616f9cc443dbe11b6898b6fa10d5b67a307cb59/
Глава 12	/document/cons_doc_LAW_34661/423d650543917f5abe5c2480d6fb3fca332f9d22/
Глава 12	/document/cons_doc_LAW_34661/4f05be176f1b2563e0b1de9421cf125c4a6e668e/
Глава 12	/document/cons_doc_LAW_34661/b2daf1d5306cf52a5bb0ec8a1bc0ced772a4f162/
Глава 12	/document/cons_doc_LAW_34661/b9c0a2b651b7f06f5693cd2e77f04ff473f50f29/
Глава 12	/document/cons_doc_LAW_34661/55b5e208f5e814a9261d4d227ce5d6a5a1676dbf/
Глава 12	/document/cons_doc_LAW_34661/d3c69bb61208edc333be1246111ca044c873d4a2/
Глава 12	/document/cons_doc_LAW_34661/f727c535f35518ba16c7d51b782a5f6ed67b76a3/
Глава 12	/document/cons_doc_LAW_34661/af035a35ae9830e26d26cde1a8921bb7dcbe7018/
Глава 12	/document/cons_doc_LAW_34661/dea1fbe07b9870abce56c909e6e0c447bb433c03/
Глава 12	/document/cons_doc_LAW_34661/69896b46e24ebf9d22da203fcfdb190e7753fe42/
Глава 12	/document/cons_doc_LAW_34661/22c122981459f644063f6d2c8bf959e3d0f953fa/
Глава 12	/document/cons_doc_LAW_34661/1ac44529628ca19f88f2d71b0d1a07110b9e8819/
Глава 12	/document/cons_doc_LAW_34661/d52f28ae1e5997454d6d32a4336104e34ae0c87d/
Глава 12	/document/cons_doc_LAW_34661/fe71cec502ee66689c92693910f30983ff4852aa/
Глава 12	/document/cons_doc_LAW_34661/26545981818cc96eb3d1d1daf81e7cc6c02d248a/
Глава 12	/document/cons_doc_LAW_34661/27b951a9ca374e6081930cfff85eabd581a523b1/
Глава 12	/document/cons_doc_LAW_34661/9734adb3f4ad52d0fe265a97e85eab23d6dffe75/
Глава 12	/document/cons_doc_LAW_34661/f88dbe3b472d23d583928a5b1ddcbb87122d012d/
Глава 12	/document/cons_doc_LAW_34661/20eb60eb2fdfdf7b25ec84d4986aca7dc4f8424c/
Глава 12	/document/cons_doc_LAW_34661/19576731ca17b573e887d9b344b3252c74305b4b/
Глава 12	/document/cons_doc_LAW_34661/9ea898782c9b757a988def614fa84e1493938591/
Глава 12	/document/cons_doc_LAW_34661/e9b1f8b7d10fabeef91e70dec0fd907732b3d380/
Глава 12	/document/cons_doc_LAW_34661/16ab4cab0f22e33259bf4258d2b328a1fd23708a/
Глава 12	/document/cons_doc_LAW_34661/db612d2f8f156a4a84eb1ff2d9690b50a3628ad1/
Глава 12	/document/cons_doc_LAW_34661/370c94c31af735dc73d224582c9f8a9773c89287/
Глава 12	/document/cons_doc_LAW_34661/e6550c7aaf87a7eba570e0dfb5c9d1f86b84298f/
Глава 12	/document/cons_doc_LAW_34661/5efb3ae35c197fc4165b3055efa5951474be6183/
Глава 12	/document/cons_doc_LAW_34661/7c88c78180e718d11f446f6734de3195e58e8643/
Глава 12	/document/cons_doc_LAW_34661/42019d66e0b2432916c9085c738546d47354b1c4/
Глава 13	/document/cons_doc_LAW_34661/b828210ea00c383e49785f0de1990aa165085d6b/
Глава 13	/document/cons_doc_LAW_34661/acf6fcbe94359c4ba136911fdad4b570aa593e48/
Глава 13	/document/cons_doc_LAW_34661/2b64ee55c091ae68035abb0ba7974904ad76d557/
Глава 13	/document/cons_doc_LAW_34661/acaefaec257669702f20b2a36e96381e17d50f52/
Глава 13	/document/cons_doc_LAW_34661/82fda12829f7aeb49279eaea774c68ec42ed55c9/
Глава 13	/document/cons_doc_LAW_34661/eb29ff5aec9d0d466d262d0d1857106db9a181d8/
Глава 13	/document/cons_doc_LAW_34661/d586b0d473f396b8639c72a69d51e4095086fb94/
Глава 13	/document/cons_doc_LAW_34661/20a40953b8c0fa39031933e5e5e85221630a06d9/
Глава 13	/document/cons_doc_LAW_34661/59e2b0ea2fef2fb20622d5498fb024496052d4ca/
Глава 13	/document/cons_doc_LAW_34661/6a5900469ad138ee3ebb41e99c2130b0cf7f6374/
Глава 13	/document/cons_doc_LAW_34661/1f421640c6775ff67079ebde06a7d2f6d17b96db/
Глава 13	/document/cons_doc_LAW_34661/9774665d4f55ce4c5ce09fcdcc66c820ba9f8e40/
Глава 13	/document/cons_doc_LAW_34661/8db8e1c102d9f592a68c5d945a281a533592d3bb/
Глава 13	/document/cons_doc_LAW_34661/27a79f64a7a4a1e82db0caf3b425d44010cdb383/
Глава 13	/document/cons_doc_LAW_34661/721c5c0cd868c2438ea66f09091f3a352bd56365/
Глава 13	/document/cons_doc_LAW_34661/9f18345fb4b7b675a31631a318c9c71f2bbd93f1/
Глава 13	/document/cons_doc_LAW_34661/39ec2d46bb9a543aad7de74b6fef2d96b56aef6c/
Глава 13	/document/cons_doc_LAW_34661/835dca84f369ce440288da07465dbbf24791784a/
Глава 13	/document/cons_doc_LAW_34661/fe31fbcd2f9ea0f19fe72255279e709fabf7fc26/
Глава 13	/document/cons_doc_LAW_34661/82c0a663173b440cc9b027bc8e687dc9e36e71ad/
Глава 13	/document/cons_doc_LAW_34661/bee6c535c8efce38339bfb0ecf876ff1a47dbe62/
Глава 13	/document/cons_doc_LAW_34661/cc2a6c825dfce2889e433f73d4a2ed5af2edb8db/
Глава 13	/document/cons_doc_LAW_34661/f080b4e6cf7a3a9738e723387af2215ad524c368/
Глава 13	/document/cons_doc_LAW_34661/4fb8e66c18cd7111e139e2cbd5ad173c324e7ca2/
Глава 13	/document/cons_doc_LAW_34661/1dbe610601dd69be6cc67262c45d94e1ea79e51e/
Глава 13	/document/cons_doc_LAW_34661/86e7d10dca9fb69a08ce3b5516fd62cce8b06560/
Глава 13	/document/cons_doc_LAW_34661/e3aa197d28e4e1cfaa78be7f35e5854f264f9203/
Глава 13	/document/cons_doc_LAW_34661/07ca00dc8180dff7e94b43b11a1c0d67be3ef322/
Глава 13	/document/cons_doc_LAW_34661/c15b747a1b16ddad1e636a076603e1c6c05af919/
Глава 13	/document/cons_doc_LAW_34661/272786f60a5bc3f510d74d201bff8d528f9d07c0/
Глава 13	/document/cons_doc_LAW_34661/a88d6dbba79f4f9084dd436eca5082f10227e172/
Глава 13	/document/cons_doc_LAW_34661/b3bffad0175dec251d8e790ab33bf4816b20d57b/
Глава 13	/document/cons_doc_LAW_34661/1c5c07fbf5c4cf4c8d44be29d04fee229a1e1314/
Глава 13	/document/cons_doc_LAW_34661/af28751ad49340b23fb62c5de0fc80e1e49dfff0/
Глава 13	/document/cons_doc_LAW_34661/78f2afb63698e6cba3984775f5681965eaa07048/
Глава 13	/document/cons_doc_LAW_34661/54ddb920d2bcb4c8011245e0f9bd8affd16fd04d/
Глава 13	/document/cons_doc_LAW_34661/90a55c73e85e2fee156d28c8b8962abbeea0276d/
Глава 13	/document/cons_doc_LAW_34661/e64d2fa130fee4dca01ae6d49e14675c17e7ac7b/
Глава 13	/document/cons_doc_LAW_34661/d07aa7608d0cf0d74825e6320f9eb8c2ebd3dc89/
Глава 13	/document/cons_doc_LAW_34661/02f50623dac7cb467d8fba1a8ec18070f54c5948/
Глава 13	/document/cons_doc_LAW_34661/fbe7c6830a0562648adc6fc37e686df62b9b90d8/
Глава 13	/document/cons_doc_LAW_34661/e0635d7fa5c1397b2e24cda0641d8fd4c1c7f851/
Глава 13	/document/cons_doc_LAW_34661/2bb9bce9267ee8c7aba467300b814956334f9018/
Глава 13	/document/cons_doc_LAW_34661/442dd45f58cf7d213f1e723690e3a0222608ea1e/
Глава 13	/document/cons_doc_LAW_34661/eaba1bda91287e09ae7741d9b44349d3c9f186a6/
Глава 13	/document/cons_doc_LAW_34661/6fa1460fbced889b0579f2c2c69a23033221123b/
Глава 13	/document/cons_doc_LAW_34661/6de13414c51bb8a71c8a1aa323df748fbb2129eb/
Глава 13	/document/cons_doc_LAW_34661/fa0eea3eac01c65d9cfd40ec1894471dd7c38419/
Глава 13	/document/cons_doc_LAW_34661/82cbb51b6076f62dc03191dafccdadcc479a6222/
Глава 13	/document/cons_doc_LAW_34661/16b704468efd582693801bfac0247a18c8857ff4/
Глава 13	/document/cons_doc_LAW_34661/451987bdda0a0709dc45ebb1e54da1fa8b682ccb/
Глава 13	/document/cons_doc_LAW_34661/1be89f725498eec6e3ddd58ceb089653adbdae45/
Глава 13	/document/cons_doc_LAW_34661/421187abc1e0486c47a6bc89394900f89ea5b13e/
Глава 13	/document/cons_doc_LAW_34661/b4266811be0cfdef4f881b403ba832644e2d939f/
Глава 13	/document/cons_doc_LAW_34661/01db86fb46c88f00ff06171e17bb7d66fcf09a53/
Глава 13	/document/cons_doc_LAW_34661/ca09ff80b99766474e3ee172d0d144afc1c8581c/
Глава 13	/document/cons_doc_LAW_34661/a5c0642e1d3b5a0e1eacaf38f4809547dd520c3e/
Глава 13	/document/cons_doc_LAW_34661/2c420b91600e75aebbadb79820b2392bd7d61e89/
Глава 13	/document/cons_doc_LAW_34661/3cad19da5fc7a44d9b583eb511be5f56decb05fe/
Глава 13	/document/cons_doc_LAW_34661/82fd5dfb3e959c3cc3cfa39795e12cb51c701c9e/
Глава 13	/document/cons_doc_LAW_34661/97dc6739330eb91b8101872a6edc6ba8921a7858/
Глава 13	/document/cons_doc_LAW_34661/448873898ba1d414dbb33763afee9eadc1d8c69f/
Глава 13	/document/cons_doc_LAW_34661/01319a1b75191753b6d53b65b1bdac98e52f9921/
Глава 13	/document/cons_doc_LAW_34661/cd85549dea28cdb845ed714f47e4d9b7293195d7/
Глава 13	/document/cons_doc_LAW_34661/7961da020aa87e2aee27a8238909050b57f31881/
Глава 14	/document/cons_doc_LAW_34661/75bd42f831f7b882297cf0c477ced1e5dcfc89f2/
Глава 14	/document/cons_doc_LAW_34661/02c930dba802b5fb1564b5635a40d3a4e0e30ee8/
Глава 14	/document/cons_doc_LAW_34661/99fc5c6de829ec377099574044409a5861a6a4a7/
Глава 14	/document/cons_doc_LAW_34661/0258f50a2cd44876d443048cb41a4ab115ee6410/
Глава 14	/document/cons_doc_LAW_34661/181e95ee08e6cddeaa771aa771b1f1ad081c9ef1/
Глава 14	/document/cons_doc_LAW_34661/833f2cbf385d3510c03ee8509c84e47d2c69f7eb/
Глава 14	/document/cons_doc_LAW_34661/2d50fc1c4013ea9ab20b8b2666c1650b1dc4c982/
Глава 14	/document/cons_doc_LAW_34661/6b5ee5e17882637fda8fcda423ea8b7e921ea431/
Глава 14	/document/cons_doc_LAW_34661/49b4f4dfae57b211d45f702df18cb4e4c2bf1ce3/
Глава 14	/document/cons_doc_LAW_34661/acc198f3ba7f8a6e9d757dbab4d033a5e0523a7f/
Глава 14	/document/cons_doc_LAW_34661/79332a225abd3ea24419ea2acb1ff15dfa1dfd48/
Глава 14	/document/cons_doc_LAW_34661/1c8e7943d9564838919f0437a6fd46520a4b0aa9/
Глава 14	/document/cons_doc_LAW_34661/3824bbacc6e85f19f12895b0ee20f3bbae92f439/
Глава 14	/document/cons_doc_LAW_34661/f65bdc9905e5fa0660346a596380de50fb7315a4/
Глава 14	/document/cons_doc_LAW_34661/37d6fb5e4f6dae91513d8c17c976ecb992e52e2d/
Глава 14	/document/cons_doc_LAW_34661/03bbad17f1d1bd0ca8c72c6c6fac5b3c667bd6c5/
Глава 14	/document/cons_doc_LAW_34661/59f86440655bf2aec393fd031c5a4bc13cfcdc17/
Глава 14	/document/cons_doc_LAW_34661/b1d4bf7b870feb7f305d780e45b377f0f7f0f9fe/
Глава 14	/document/cons_doc_LAW_34661/9e2ccbeb114d8f7bebddc96cf4d1fcc92a7fbcce/
Глава 14	/document/cons_doc_LAW_34661/ea6ac42e853fb1c96e0f7147e3835e82c7b5e4f1/
Глава 14	/document/cons_doc_LAW_34661/7b3e8e56505ef9ffd06241375803ca71952b4404/
Глава 14	/document/cons_doc_LAW_34661/6251da3509e84e4e2d9f26dcc8f63f7ea230051a/
Глава 14	/document/cons_doc_LAW_34661/cd9e7b3faed04ce5a1863ac280a28ee438df0280/
Глава 14	/document/cons_doc_LAW_34661/32493c934a402de69b3a2fb513253382206cf0f8/
Глава 14	/document/cons_doc_LAW_34661/d830d8ad6230373234db5735f1215a86658aed68/
Глава 14	/document/cons_doc_LAW_34661/d6840d47958049a955bdc028c53ee90a00e6d57e/
Глава 14	/document/cons_doc_LAW_34661/1c04d0af277ea46479fb83374d991e5e6c96df22/
Глава 14	/document/cons_doc_LAW_34661/942d86d9d34c2b3a67505bafd202c4d9ed401a7e/
Глава 14	/document/cons_doc_LAW_34661/8c7bfd48adf9d516887e91ecf5369fee687f7a21/
Глава 14	/document/cons_doc_LAW_34661/937fa1eed3a74875bc781faddcb0af4162d3cee7/
Глава 14	/document/cons_doc_LAW_34661/a5e30cf982ade186a8b6113b91a38983a3a87fda/
Глава 14	/document/cons_doc_LAW_34661/ebfb12320ce7aeb926cab6aa264233cb9628a642/
Глава 14	/document/cons_doc_LAW_34661/ab3907294e39602f1ff70edd222a6b6a52dadeac/
Глава 14	/document/cons_doc_LAW_34661/57e0e69fdeafc34918050a32ed12d36f41f5024d/
Глава 14	/document/cons_doc_LAW_34661/dbae61dcd90d0d470190f6077eb5afedbaca564d/
Глава 14	/document/cons_doc_LAW_34661/6e4bbb2e7d47a361acb2f28bc5f84819dfc9c266/
Глава 14	/document/cons_doc_LAW_34661/9ac06693b3eeb13060ccc8d16bc2373d206a721b/
Глава 14	/document/cons_doc_LAW_34661/7d11e283c417dde451585f82d7b51ccf0a70dfd9/
Глава 14	/document/cons_doc_LAW_34661/0d7d7a659637d4446866cb2cd6b2d636d2cb0800/
Глава 14	/document/cons_doc_LAW_34661/21990c54bfdcd5e358b3d610e3fa0267592f0a25/
Глава 14	/document/cons_doc_LAW_34661/250b0cddac3bdf350341f97d8dd2dd1f6c89ad34/
Глава 14	/document/cons_doc_LAW_34661/283255af56d2ef3a16fbb3dfaf2d62f805e1fb46/
Глава 14	/document/cons_doc_LAW_34661/ce4dd25fddfdd22cb8e63e73a9f893a65a261114/
Глава 14	/document/cons_doc_LAW_34661/6d86b9ad95400d2b7469900046ce3a065c56646e/
Глава 14	/document/cons_doc_LAW_34661/ac8e91ea8157d94510d3acf5391859b483e1f733/
Глава 14	/document/cons_doc_LAW_34661/5b0dab3c1f1e635e45a3ae6710b51e0d5db0d055/
Глава 14	/document/cons_doc_LAW_34661/c5271b02d1c5c33ab86d5671862b0cf8a49cbfba/
Глава 14	/document/cons_doc_LAW_34661/bfa43392d5f0bd103795f990afa427b03c10d65b/
Глава 14	/document/cons_doc_LAW_34661/75c352cb0ec8362d1d8f2d0691cce22d668fc2fe/
Глава 14	/document/cons_doc_LAW_34661/d62e8fe6e7ccc035c7ef846b7068f43f9182d5d7/
Глава 14	/document/cons_doc_LAW_34661/d1456de72c8cd30b8ef5cafe02906940a0f3a694/
Глава 14	/document/cons_doc_LAW_34661/c78924d4a83d6dd9d971783719a914a8b6371eb5/
Глава 14	/document/cons_doc_LAW_34661/4c01d82b62a473a3bcced027a2e18660b98a249d/
Глава 14	/document/cons_doc_LAW_34661/a418f1fe61b054b64b9e49521821ee74e8cf22e8/
Глава 14	/document/cons_doc_LAW_34661/73039275cf79d3d4e0842cdf150f85cce8bcb200/
Глава 14	/document/cons_doc_LAW_34661/27b5cd7d36e9e12d05abc8ef58daeabb2be06061/
Глава 14	/document/cons_doc_LAW_34661/6fc1a78044255a1e55340ee4b3d340b969c35396/
Глава 14	/document/cons_doc_LAW_34661/ff188975d350149f155adf8e2fd58782fbc2c443/
Глава 14	/document/cons_doc_LAW_34661/fc43e342c11c7f3d9d6d4e5cec206a41d4a95115/
Глава 14	/document/cons_doc_LAW_34661/3df34eac7b4acebfaba3444b7df9eac4ca6e472c/
Глава 14	/document/cons_doc_LAW_34661/211d8d8b3c3efc2c9db2626822712c5feec57e79/
Глава 14	/document/cons_doc_LAW_34661/7e260525ec2b613b44ae33de449fd352e0276f37/
Глава 14	/document/cons_doc_LAW_34661/241c11f375ade6ae87d5dbb75f77f166d31a6596/
Глава 14	/document/cons_doc_LAW_34661/28d732060cc9059e94217fb99da93220b2f7dfaa/
Глава 14	/document/cons_doc_LAW_34661/d1f353e5830d486012ed49ffc4f70903c59d51c6/
Глава 14	/document/cons_doc_LAW_34661/ea2333790ef2f035333d4ed7b2d9e23a105d66ce/
Глава 14	/document/cons_doc_LAW_34661/ee73287a9b31a17e63f068f8ce69ee20905f4b68/
Глава 14	/document/cons_doc_LAW_34661/53bde8a7a4ea8abead15e7a48d30dcd5585b24fb/
Глава 14	/document/cons_doc_LAW_34661/b77f89cf84fa2daab11fd2329b8f1e8bbbff5800/
Глава 14	/document/cons_doc_LAW_34661/59b87c172934500576408b6638925f5dd335329d/
Глава 14	/document/cons_doc_LAW_34661/ad1e9927a833e76ac84385d52ea6b3afe6f74ded/
Глава 14	/document/cons_doc_LAW_34661/a7a5344a3fd83c65a2dd71a11122e80faa4603c1/
Глава 14	/document/cons_doc_LAW_34661/54562858fcb07f270b8112c61527f9471732caaa/
Глава 14	/document/cons_doc_LAW_34661/93686b674a93ff28c7ba85c834ded44f3e6e20c6/
Глава 14	/document/cons_doc_LAW_34661/ac10dd8a94eb5a64a2514ec957ef873b30426063/
Глава 14	/document/cons_doc_LAW_34661/1892a0ec6f47cc840c7861faf9310142ba8597bb/
Глава 14	/document/cons_doc_LAW_34661/234e108a0f7e0dda2012fc44694e1fa56f468c10/
Глава 14	/document/cons_doc_LAW_34661/d80dcd55200034f3cddbbd87c3fcbba0908b5ee6/
Глава 14	/document/cons_doc_LAW_34661/ef553b39762921bfa0d2e56c16c76c6c37b07550/
Глава 14	/document/cons_doc_LAW_34661/eb960b552262ee572cd05ece08aa39ec28e4fb31/
Глава 14	/document/cons_doc_LAW_34661/38a31b3c7d7155eb805c2f22d32527453f310b23/
Глава 14	/document/cons_doc_LAW_34661/dc08ef1d6c51e501c571c436e082d4e0a975e781/
Глава 14	/document/cons_doc_LAW_34661/a92bcb3b0830e0819f95fd1d139e805b04bbec50/
Глава 14	/document/cons_doc_LAW_34661/c30ef6481f55a553d2c643ac435b20c1482798c1/
Глава 14	/document/cons_doc_LAW_34661/c2beebaa0b9b8b2139b99296e63e04b35a751e60/
Глава 14	/document/cons_doc_LAW_34661/0bd9ab346da30ee4bbd1c8ae12dcc0bd702b0cb5/
Глава 14	/document/cons_doc_LAW_34661/78c33211b5186947de7f9ed8ed24b5eb746144b8/
Глава 14	/document/cons_doc_LAW_34661/567a41101ea66da97bee8c53a026a650c68483b9/
Глава 14	/document/cons_doc_LAW_34661/daf3782e325dba0d393a0a9b9e88aeb096761f21/
Глава 14	/document/cons_doc_LAW_34661/b8eed1f598a112c9d6f4346093990f536f95a6cb/
Глава 14	/document/cons_doc_LAW_34661/a9032686787761923ff6d183147a1ea07f865163/
Глава 14	/document/cons_doc_LAW_34661/16067ef9a2427d1c2025027f2396a8b074da3712/
Глава 15	/document/cons_doc_LAW_34661/0d6396c3afb53a019a2251c3829524852b6eec95/
Глава 15	/document/cons_doc_LAW_34661/d8f0229ec9bde353c571ec730469d38f348378c4/
Глава 15	/document/cons_doc_LAW_34661/09e07e89bec7a37da7e398b1acd7844bbdd9728c/
Глава 15	/document/cons_doc_LAW_34661/24bb8bf1dfbfa0b5e3c8f99e0ccf1c2980a4c2a9/
Глава 15	/document/cons_doc_LAW_34661/49cecdb1f37bf65e15402238312edd2bdd48b0e5/
Глава 15	/document/cons_doc_LAW_34661/987b52b848eef145b1aa263eaae90774007b2086/
Глава 15	/document/cons_doc_LAW_34661/e9393cf078db8a73e77c5b9f60c5cf20bb739cf3/
Глава 15	/document/cons_doc_LAW_34661/edc774bfcd64700078078ff83e84665e8b437c1b/
Глава 15	/document/cons_doc_LAW_34661/492981ec6976cf6242b0f9a5f636be2c9ddf5984/
Глава 15	/document/cons_doc_LAW_34661/b601eaef14558a22e40e549845ddc25563eb067e/
Глава 15	/document/cons_doc_LAW_34661/c8a8c13d283fa3416f79b91b3f36da068225c15b/
Глава 15	/document/cons_doc_LAW_34661/3312fbb50868eeb5b0a66db39b355958c676aeac/
Глава 15	/document/cons_doc_LAW_34661/f871ff3e3296325b1dfc296774a8a005aaca45da/
Глава 15	/document/cons_doc_LAW_34661/fb02f16e1feea3d7eb3a786983e1ae93e9ad5f68/
Глава 15	/document/cons_doc_LAW_34661/527123cc47967e7d42215d52a769bfa5cef4bea2/
Глава 15	/document/cons_doc_LAW_34661/13cb03df4d093e67e391391c267092b01143f83a/
Глава 15	/document/cons_doc_LAW_34661/59e79700791e5612e5da3597dd1fa64771b864b6/
Глава 15	/document/cons_doc_LAW_34661/4f48045becea70dbdfb260b20583f9ec0077bef5/
Глава 15	/document/cons_doc_LAW_34661/327fc0043433f7ed2ac3a452c815a5a9f73b1823/
Глава 15	/document/cons_doc_LAW_34661/f17ce660b53c24fdca6a5081b6daa4d4957043fe/
Глава 15	/document/cons_doc_LAW_34661/cc7ea0127e691711c424b441ac5d62da155b6bde/
Глава 15	/document/cons_doc_LAW_34661/e0cdaea85fc0a2f03e88a7c7da45771d6f196bde/
Глава 15	/document/cons_doc_LAW_34661/af13876e3090c8f98cb1415a0864d05b934f8855/
Глава 15	/document/cons_doc_LAW_34661/0b4bf8dbb9c6f47efd08228887138f756d57c42a/
Глава 15	/document/cons_doc_LAW_34661/c332e118e3285b86eacfaf009c1548f68d5ded5c/
Глава 15	/document/cons_doc_LAW_34661/ec374da9e0683e3ef60f3433f36b492b268357e6/
Глава 15	/document/cons_doc_LAW_34661/ece84a9bb369d846f8de3cd59329189eeb9ec5b7/
Глава 15	/document/cons_doc_LAW_34661/31984c6cfcd0991abea27cf008d8f1cf2eed9c0b/
Глава 15	/document/cons_doc_LAW_34661/5e321163e0a3aa5307c367065abbbe8d99241aa3/
Глава 15	/document/cons_doc_LAW_34661/29cac2ef42b1d57cb54db887d81b9f1c79d6192e/
Глава 15	/document/cons_doc_LAW_34661/5856ff0da1935f649ef664c16993036d78dbe08a/
Глава 15	/document/cons_doc_LAW_34661/39908bf428f2d5f02ff0068e3bb8b74f2baeab2d/
Глава 15	/document/cons_doc_LAW_34661/aca9982cf9784268d9c981deff30e4ae41e164f6/
Глава 15	/document/cons_doc_LAW_34661/a7b13edcc14dcbcd9d0c12ed6a5b852bf9f67fcb/
Глава 15	/document/cons_doc_LAW_34661/968703e833c4e6083348590412774867e76668e7/
Глава 15	/document/cons_doc_LAW_34661/43e71dc513be16a81b6dad8a98096c9ae879d8ca/
Глава 15	/document/cons_doc_LAW_34661/fea798bdaa97f0daa0a79fba49e5a48754cdfbb4/
Глава 15	/document/cons_doc_LAW_34661/1a12be85b70f42e67c905e413a89f25995811514/
Глава 15	/document/cons_doc_LAW_34661/1d7b68027afa0eb61d08690537d08d2dc03e2487/
Глава 15	/document/cons_doc_LAW_34661/a8d986cdcc9f27c2ab9df7dd22a826572a65e922/
Глава 15	/document/cons_doc_LAW_34661/066a4fba53f825e7f0c3c2bc5db463e517ea9a3b/
Глава 15	/document/cons_doc_LAW_34661/4adb77015309c711961ab12777e722a3b004b694/
Глава 15	/document/cons_doc_LAW_34661/5eb7ede11d0429def09fb2cede2d0bcb4ba286cd/
Глава 15	/document/cons_doc_LAW_34661/117a46cb06fe8513bbec3f8f50a96abbb06ffb7e/
Глава 15	/document/cons_doc_LAW_34661/08935ad1b79fd4709f31b59e7bd41f3ad0ae7941/
Глава 15	/document/cons_doc_LAW_34661/573870d1710ab69e38b325525f27f604d5f341e0/
Глава 15	/document/cons_doc_LAW_34661/3627cb072f760b93b1d8c8e2ed32e0eb9f7815fe/
Глава 15	/document/cons_doc_LAW_34661/0c3d7bb7d0446d359c864bf39676d698e8af2bd9/
Глава 15	/document/cons_doc_LAW_34661/7e9e2c16d8880af64d1f005e988061cbef36aafa/
Глава 15	/document/cons_doc_LAW_34661/3a8e9ecaa466bf82dd15ef38da07a39d96db19c0/
Глава 15	/document/cons_doc_LAW_34661/576eb0d9f3ac428f33ddf9619cae32c162c235dc/
Глава 15	/document/cons_doc_LAW_34661/ce73e2a237f2a7e939ff0c3ed4fc233839d10796/
Глава 15	/document/cons_doc_LAW_34661/f624a7d6148807f25fe3d14b8c85a49f991aed29/
Глава 15	/document/cons_doc_LAW_34661/f7a73ccddc3a88c1cb716bbc7101cc6d315fe443/
Глава 15	/document/cons_doc_LAW_34661/ac32cb182104127fdf874ef2d66f052a31289f3a/
Глава 15	/document/cons_doc_LAW_34661/71d5c7b542c98dc6ff44b36048a0995aeef81507/
Глава 15	/document/cons_doc_LAW_34661/d1376b71b902132cbac8449c15a4d86c8bb6e3da/
Глава 15	/document/cons_doc_LAW_34661/933b4651981053cc068093ca89a1317ee9401c2f/
Глава 15	/document/cons_doc_LAW_34661/8b9f1c9fe8af92a95ad4c30be3c9159cfc3dc18a/
Глава 15	/document/cons_doc_LAW_34661/61c5a1d520a326c0a8396c3e5a73c2b527ee776a/
Глава 15	/document/cons_doc_LAW_34661/710f8fead47a19e3b3e2a11f6c81eaf60798e10d/
Глава 15	/document/cons_doc_LAW_34661/2b098de5117e93354afcb59a29dd7c11a9843091/
Глава 15	/document/cons_doc_LAW_34661/e9b5b481e289a7e4de062a20287e2fda6937a72a/
Глава 15	/document/cons_doc_LAW_34661/658583fbb493e27822dd3f964e64c73c298d3863/
Глава 15	/document/cons_doc_LAW_34661/bf27a43c05a4124d185099dec98040cc0a5954fe/
Глава 15	/document/cons_doc_LAW_34661/4e3cb17eaa0ce86ef67bf1f09935567f1cfd3876/
Глава 15	/document/cons_doc_LAW_34661/8458571d85d3354ec70cf9a996f9b58fff324359/
Глава 15	/document/cons_doc_LAW_34661/b23d58a68d046216b39c3cb394a60fbccd0931c1/
Глава 15	/document/cons_doc_LAW_34661/446cc1dbd8744b29ee335a228a92938203c1d88e/
Глава 15	/document/cons_doc_LAW_34661/f84d3cfac235ea41eb7a41aa5523cc417366b70c/
Глава 15	/document/cons_doc_LAW_34661/1f3101cbfce2257cfa85e31be84f7279b1fcb0fe/
Глава 15	/document/cons_doc_LAW_34661/8f5440018a1380ce27554bf377b7f27dfab6de87/
Глава 15	/document/cons_doc_LAW_34661/d26882eeead0fbfbdc72920ee07d7a82bdbe3e93/
Глава 15	/document/cons_doc_LAW_34661/91c27288397e9f5054620efe2da6ddba90124182/
Глава 15	/document/cons_doc_LAW_34661/b276d507e92f9784a48ce7c78eabeb5712b5963f/
Глава 15	/document/cons_doc_LAW_34661/0aa35501f51b6349e8ebf044b8da6ced20be6d9a/
Глава 15	/document/cons_doc_LAW_34661/f30b75a1e9d29420a767b58f1b10da7a3e638cc4/
Глава 16	/document/cons_doc_LAW_34661/08b0da28093974dce2ce6edfb76627c3b199d535/
Глава 16	/document/cons_doc_LAW_34661/9bb3917d25392ccbd6a8b265099b3c86333cdac3/
Глава 16	/document/cons_doc_LAW_34661/7caa4677f9e8336d3c481ad2cc12e2ee3806e9ce/
Глава 16	/document/cons_doc_LAW_34661/fbec5a76c52293756153f19a8026aa815efb1976/
Глава 16	/document/cons_doc_LAW_34661/044e37f6c3019c45de92935121c8fadbca8c4976/
Глава 16	/document/cons_doc_LAW_34661/176ec3991fe8bbb3e96454cc61a5e3f1dc085ec9/
Глава 16	/document/cons_doc_LAW_34661/ece69b4858826ce9e695791b07443d290887b146/
Глава 16	/document/cons_doc_LAW_34661/f86f6b5953fc466cfa50dba889bd25660ed37367/
Глава 16	/document/cons_doc_LAW_34661/9b98d9d6e14edf8df96fc14feddac461222725d2/
Глава 16	/document/cons_doc_LAW_34661/9c576fd68374fc71f9b05415faee30d2c5678127/
Глава 16	/document/cons_doc_LAW_34661/3e58554b1818bf7f0dcc58d2834ee0cecde801d8/
Глава 16	/document/cons_doc_LAW_34661/591f2fb88de4bd0820655c82b6978f96b21cba2a/
Глава 16	/document/cons_doc_LAW_34661/863abd108ec51833bd1184f143ff618ea8839e81/
Глава 16	/document/cons_doc_LAW_34661/29e5248501ef2110f6259230d117a31dfcdb7a83/
Глава 16	/document/cons_doc_LAW_34661/d3463833f5c722fc32e7203cdfc791f440a5da99/
Глава 16	/document/cons_doc_LAW_34661/129bede0584779d84c364de40fbb0853cbd77aa3/
Глава 16	/document/cons_doc_LAW_34661/ab940589820293988f46ec30add5b68e97062307/
Глава 16	/document/cons_doc_LAW_34661/21eaba95b769580068af617458619209e49f9a54/
Глава 16	/document/cons_doc_LAW_34661/e0b21066eda1bbe0d1d4711b04d808dff8f5e9f4/
Глава 16	/document/cons_doc_LAW_34661/75b52049e13a873d6fbb4f53daa5f3823480406c/
Глава 16	/document/cons_doc_LAW_34661/61ce57d5759c8ee7fdee60070960683c07fb4fe7/
Глава 16	/document/cons_doc_LAW_34661/1a3fec580b5e2ebc46eec08667cb7248602dd105/
Глава 16	/document/cons_doc_LAW_34661/97801e33f426dbeac4119d8ab031f8dd2c50bdee/
Глава 16	/document/cons_doc_LAW_34661/2c7f20a4666d66cf72fff1aa54b8780b8b6346e7/
Глава 17	/document/cons_doc_LAW_34661/1b2f7159566ca38b4733bd38cce60ec6c199da67/
Глава 17	/document/cons_doc_LAW_34661/b217e56834b8cc2d544d8838944f91cd98aa68db/
Глава 17	/document/cons_doc_LAW_34661/8ca278bbea722b12cb7455efc4160670e0fec6b2/
Глава 17	/document/cons_doc_LAW_34661/2790908225c326a2f2cda4043a0a05356e00ccb1/
Глава 17	/document/cons_doc_LAW_34661/feb0f43aec52621654b978d3272b95c0d1309a0b/
Глава 17	/document/cons_doc_LAW_34661/317980cb0f49831cdf46d63452e65c2a3e33590b/
Глава 17	/document/cons_doc_LAW_34661/4fadd04b6d78fc1c997171d454b002944b5d18b9/
Глава 17	/document/cons_doc_LAW_34661/6e84386a939f8f2539a9877ef6b0b82cf373f5c3/
Глава 17	/document/cons_doc_LAW_34661/097740a9818bdc1b78ca62de6ded9d3795440b24/
Глава 17	/document/cons_doc_LAW_34661/8c2cefa876cda6f3582c211ab3c667a7447a74d8/
Глава 17	/document/cons_doc_LAW_34661/0927ce0290eab6d0ac767969c98bbf0f331a0ff2/
Глава 17	/document/cons_doc_LAW_34661/1f6f9017405c336f171fe138a9544e53e54fcee1/
Глава 17	/document/cons_doc_LAW_34661/aa2094e9e4dd07109b9eb0f598fa9a0342f87409/
Глава 17	/document/cons_doc_LAW_34661/89ffffcc20fa1f167a2becb2fc201c3bc6ea37c0/
Глава 17	/document/cons_doc_LAW_34661/a75a644c66844114de00135f1c112e975c2167d7/
Глава 17	/document/cons_doc_LAW_34661/78f06503101afb50b1a64ba5391c4d42439896a6/
Глава 17	/document/cons_doc_LAW_34661/1b455f796f18745c9e1380c521d5dd180ccc5b4a/
Глава 17	/document/cons_doc_LAW_34661/2dedfebb9cd471cb9fbdfc57bb41417ff9eac64f/
Глава 17	/document/cons_doc_LAW_34661/a18ad74588b261ec202b93dbdab7215fa77fbb73/
Глава 18	/document/cons_doc_LAW_34661/8cdc14176ee5915f17a46b06b64906757c59ce1a/
Глава 18	/document/cons_doc_LAW_34661/d4c8056e51d00cc70060622456beb476f3cc5595/
Глава 18	/document/cons_doc_LAW_34661/124f3c5fe19e1dcdef79f2aa4940940bfa3f3136/
Глава 18	/document/cons_doc_LAW_34661/02a9bdfb32a380d9d213cfc52035a82fed9d939b/
Глава 18	/document/cons_doc_LAW_34661/45cc1414eac7d8cfe527ba18bb30f6c45d474104/
Глава 18	/document/cons_doc_LAW_34661/3b6d7358b53af2cf223521bb48cd4f2933026ed7/
Глава 18	/document/cons_doc_LAW_34661/a27c068c82fbd948b981791258afa9806966a73c/
Глава 18	/document/cons_doc_LAW_34661/535af3a253c472402638b7696485e896a7866e5a/
Глава 18	/document/cons_doc_LAW_34661/b553913f6c77132d02e4214842ae82be45e60857/
Глава 18	/document/cons_doc_LAW_34661/e5ffd9f8bbb88254e32845cb497aa1119d4841b9/
Глава 18	/document/cons_doc_LAW_34661/93453c57a6b5da4c45277d98ea938b980dd28e7a/
Глава 18	/document/cons_doc_LAW_34661/64658a4ca141fa5f53c7f5199ac58dce439bc5a4/
Глава 18	/document/cons_doc_LAW_34661/b193b0e379e93ea2e8f68a6c95f7db7f0edf37d3/
Глава 18	/document/cons_doc_LAW_34661/b0eb95efe24f76983417e9a3320b2475168595a8/
Глава 18	/document/cons_doc_LAW_34661/2246cf8e941435d58500dbd0d9425bf816dd957b/
Глава 18	/document/cons_doc_LAW_34661/0e703beb4231c51defb86b9fb1c092fd81656080/
Глава 18	/document/cons_doc_LAW_34661/c3a34440b106f9cf762e2ced889c74a1e85d4f0c/
Глава 18	/document/cons_doc_LAW_34661/aaac21f375b34244dd3abe2771ba3159669b754f/
Глава 18	/document/cons_doc_LAW_34661/b4436ddade410edb63487d6fb89c418ec05bc3bd/
Глава 18	/document/cons_doc_LAW_34661/a73bf4f00d6acc4b0849e9688cbde8a6f4f80132/
Глава 19	/document/cons_doc_LAW_34661/07a8063b45b7f222612e2571cb3babbdbaad8b60/
Глава 19	/document/cons_doc_LAW_34661/82fd3fe488f39074ef5fbcd70182198f9011751d/
Глава 19	/document/cons_doc_LAW_34661/616c3e1ac3523ad0b345b51f7c9e3131c936fd3c/
Глава 19	/document/cons_doc_LAW_34661/0dd0f5ea5fc103d05b56af9b614e8387081cba79/
Глава 19	/document/cons_doc_LAW_34661/439712dfa4cd0500b50fab674ff8a8f089ca53f8/
Глава 19	/document/cons_doc_LAW_34661/0ff6dc8e71b0e8df9c1d8efae456e40f878903ee/
Глава 19	/document/cons_doc_LAW_34661/c9540220757eaa24167e7288784ad40b4c8de5db/
Глава 19	/document/cons_doc_LAW_34661/19d844cb0595285f4aee08c1274a7740377460ea/
Глава 19	/document/cons_doc_LAW_34661/0c8836edad5b9d34e468970c6d37bc2c652bde03/
Глава 19	/document/cons_doc_LAW_34661/b641fe9ae22d93523770d3814b8dd06694435584/
Глава 19	/document/cons_doc_LAW_34661/073e7610ef13acfc057ac554e6bc9a5df165e55a/
Глава 19	/document/cons_doc_LAW_34661/6aa68d48e76a33b3d94928f3727ffe1d99d6a7a3/
Глава 19	/document/cons_doc_LAW_34661/7b011357d4e047a506940779e198e462946c9456/
Глава 19	/document/cons_doc_LAW_34661/2f15b43841cfb14e56ef9075903759719c29503b/
Глава 19	/document/cons_doc_LAW_34661/15e12aa4e6d1090ac2641a30768390ebd8734309/
Глава 19	/document/cons_doc_LAW_34661/4106a3cc49b4d7ea2122ae0cf893852e22bf2bb9/
Глава 19	/document/cons_doc_LAW_34661/1ff600878726e1814bd31769c9c9c37550557014/
Глава 19	/document/cons_doc_LAW_34661/6e6f4af781a39112f6abd9840f446cc8e6a3a03b/
Глава 19	/document/cons_doc_LAW_34661/df14c21b001f0846973868efa2fa82972393f02d/
Глава 19	/document/cons_doc_LAW_34661/3488262eb4c5eb511bfc16b806f9d60f1d8417b7/
Глава 19	/document/cons_doc_LAW_34661/bf4b73c24bfbe5083656e7af49a457c2522097d8/
Глава 19	/document/cons_doc_LAW_34661/90d8102810043c8a84de1adc5312728afda983bd/
Глава 19	/document/cons_doc_LAW_34661/d537805e1176b05aac871acaab7881a5dea09e7d/
Глава 19	/document/cons_doc_LAW_34661/71d3b6592e0a76f39a653e83a795c71a19b2fa78/
Глава 19	/document/cons_doc_LAW_34661/a730edd69928c8212c3cd9617c6997161fb4bc01/
Глава 19	/document/cons_doc_LAW_34661/12b1fd004937e30d015b03d5496a7d4c5b80c6f3/
Глава 19	/document/cons_doc_LAW_34661/edebea339b11aad9f8c7101243931e2db1521cad/
Глава 19	/document/cons_doc_LAW_34661/66401babc0a91ef742252b84d80535c7d4a4b6b9/
Глава 19	/document/cons_doc_LAW_34661/b063db7b9a81760fe9a17e846e15c4df0a72ae96/
Глава 19	/document/cons_doc_LAW_34661/32d605afe002514f54e91a8121271b8e5ff4506c/
Глава 19	/document/cons_doc_LAW_34661/abdc1d490927d6f20ff258a43bf05c8425f7063c/
Глава 19	/document/cons_doc_LAW_34661/da20806052294423bff85545e83f5d7203fcd281/
Глава 19	/document/cons_doc_LAW_34661/27e6d83b1a783bdbd4c3ee2132184354b7cd2280/
Глава 19	/document/cons_doc_LAW_34661/8298490c4b0419a8f696301e5547c140ad88dd0a/
Глава 19	/document/cons_doc_LAW_34661/484117a31db57b24b830d17aded3cff5b48aa9d9/
Глава 19	/document/cons_doc_LAW_34661/f6d61ed75908718e34a23121a8245426b1517e07/
Глава 19	/document/cons_doc_LAW_34661/41ee98ef9b68c90fdee589718466b505762f9caa/
Глава 19	/document/cons_doc_LAW_34661/80a2b465ff59a0ae2a75931e536941384d823d7c/
Глава 19	/document/cons_doc_LAW_34661/2c0eac23c5bd27d188414b045dd629b9cd9c1fbe/
Глава 19	/document/cons_doc_LAW_34661/b0140cf40d2b2b356f2240fd1c9166c1793f76b5/
Глава 19	/document/cons_doc_LAW_34661/c3e357110ace65e4a31570906977ba1b615c180c/
Глава 19	/document/cons_doc_LAW_34661/9429e0b850a88375c483154f5fb709cde1ec4d30/
Глава 19	/document/cons_doc_LAW_34661/4945d985a14884048b5ab1caa49077aa6d0525a2/
Глава 19	/document/cons_doc_LAW_34661/0b88b5f0543f3a9c3d6f564db1cbf05fe6f1c98a/
Глава 19	/document/cons_doc_LAW_34661/0bcf3945fb1b2887feeb0dbcd944fa604115c303/
Глава 19	/document/cons_doc_LAW_34661/65472baa6728875bdb2aaeabb0bc7bde2aab8b3f/
Глава 19	/document/cons_doc_LAW_34661/25b5e8aec0ab19ce7465d3b1502673ba68cdf78c/
Глава 19	/document/cons_doc_LAW_34661/fbd14d78c51589f981c98aaae969a94542240659/
Глава 19	/document/cons_doc_LAW_34661/3b8316a511e7840b4787a68194d6da85a3863fa7/
Глава 19	/document/cons_doc_LAW_34661/3ff6f0e4ae3799834fa55e3cf0d88f2474bd3a3a/
Глава 19	/document/cons_doc_LAW_34661/248bff93101d09450e870c0db476151591634eb6/
Глава 19	/document/cons_doc_LAW_34661/e34c28c3c23451e0aeb3ff5dfb1be82998846856/
Глава 19	/document/cons_doc_LAW_34661/59ce7f424f1ff3101021c7a1e0ea10cf61853f8a/
Глава 19	/document/cons_doc_LAW_34661/51d1a3c7f38b2c9486c6f90507a160a4142cffc3/
Глава 19	/document/cons_doc_LAW_34661/72a83f7c93775b88896efa8b317ec7d9b7e0b3bb/
Глава 19	/document/cons_doc_LAW_34661/34a941ce7f12542ef632b89bcc1fc7d12c6e57eb/
Глава 19	/document/cons_doc_LAW_34661/52206edebb294afcfe066d6dd9a22b573ca043d0/
Глава 19	/document/cons_doc_LAW_34661/f61ff313afecf81a91a43d729c2df55c1d6a1533/
Глава 19	/document/cons_doc_LAW_34661/56fc8b160d7d4acf2ee8ed080d3a4632e6caeec2/
Глава 19	/document/cons_doc_LAW_34661/aee74bbc5788c870934df93264b729a07d873f3d/
Глава 19	/document/cons_doc_LAW_34661/4909dbcaf24cfd2dc37f85f319f5db711790da79/
Глава 19	/document/cons_doc_LAW_34661/9a7d2baab45a2477b5dea459d177d2594fc02c26/
Глава 19	/document/cons_doc_LAW_34661/a4619238c03960c05ecbbba38fef2646e511b7a3/
Глава 19	/document/cons_doc_LAW_34661/cc1670fc7572cef33771175acfb2a6e89e7a8f6b/
Глава 19	/document/cons_doc_LAW_34661/8a62c30736a9af00c7f26ce2e74aaaeca1996ea9/
Глава 19	/document/cons_doc_LAW_34661/1216f68ce6aaa76e9eddfeef6e07f3a5b8785f2a/
Глава 19	/document/cons_doc_LAW_34661/34be3c6f29b95707b27df561fd42f4ea6384729e/
Глава 19	/document/cons_doc_LAW_34661/ae87a1bbf65c1a39c99932d83f15f8847be4eb98/
Глава 19	/document/cons_doc_LAW_34661/77c32ee4c5b6b928e00b116a221ea67a8757bfc0/
Глава 19	/document/cons_doc_LAW_34661/849626d5880d8ef287a573fab92c46d0309b727c/
Глава 19	/document/cons_doc_LAW_34661/13516a9327f31c3d2ac6d2b1106cd69336adc0d6/
Глава 20	/document/cons_doc_LAW_34661/74754240d170cc049cd7b313852fd5985eb0aafc/
Глава 20	/document/cons_doc_LAW_34661/c77bf52af28dfd8f9de192b9faf0999c023256d2/
Глава 20	/document/cons_doc_LAW_34661/92af251c8f9d2e09e187b7ac9859e3dbea808de2/
Глава 20	/document/cons_doc_LAW_34661/0dec273f317166e665b1bbac87666e5d4e9748b0/
Глава 20	/document/cons_doc_LAW_34661/e3620d183bd6d1fe2ab8b0c912809857217325a2/
Глава 20	/document/cons_doc_LAW_34661/5488786953c91e4cfc6fce519cc71d4ddd707562/
Глава 20	/document/cons_doc_LAW_34661/c79afeef5375c53076a67ddfff79363f248103ca/
Глава 20	/document/cons_doc_LAW_34661/921d61f629b31865b3a24b3049bec22b92f17224/
Глава 20	/document/cons_doc_LAW_34661/a4b1349770e40880151df67e188220a736115ff8/
Глава 20	/document/cons_doc_LAW_34661/9a42a7dcbc6d4d4b091d2e491b723161b4912163/
Глава 20	/document/cons_doc_LAW_34661/6e1d1a3a1ce9171b14d12cd4961444b5b443a720/
Глава 20	/document/cons_doc_LAW_34661/2052d0d35e549eb76106f5bb3a256039d97c2918/
Глава 20	/document/cons_doc_LAW_34661/588ab5b06e77103d66bbcca9604d149253c62ee0/
Глава 20	/document/cons_doc_LAW_34661/0a2ba7a26adcfaf416705508b8605c0219169901/
Глава 20	/document/cons_doc_LAW_34661/6853e91899f38e3a577455f691a20880d5cebaff/
Глава 20	/document/cons_doc_LAW_34661/a0395ba9181f3e837c5ec60f879a3fe7ffe08b80/
Глава 20	/document/cons_doc_LAW_34661/432640dd2bce73a738db8af9042d038a67cce320/
Глава 20	/document/cons_doc_LAW_34661/9cc72fd90864a5b889f189ba155465f6416b2bdf/
Глава 20	/document/cons_doc_LAW_34661/805499e9d2535b772a90f071150a0f7e370bde04/
Глава 20	/document/cons_doc_LAW_34661/164c320b32d83faa924a9667ab38ce33cff4e211/
Глава 20	/document/cons_doc_LAW_34661/c03e722be5c7bc3de67bff410a7b31f2e66f3fe0/
Глава 20	/document/cons_doc_LAW_34661/c6e2e66da2640368ed7c95348e38e2c8c6f38434/
Глава 20	/document/cons_doc_LAW_34661/fb90f359db37e05a4af0062eaa1a1102c65608b6/
Глава 20	/document/cons_doc_LAW_34661/5407ca86f778387fe4731418251245ea390f09c8/
Глава 20	/document/cons_doc_LAW_34661/7a0294725d8a092867dd823253ce1436e255e970/
Глава 20	/document/cons_doc_LAW_34661/95ad8950c570c9a2cf8a6309d24073263fd10087/
Глава 20	/document/cons_doc_LAW_34661/ea6e7b4718aadaed7e4f99364195b74a8444f6c7/
Глава 20	/document/cons_doc_LAW_34661/4ee8ed4827b630a5db4450b7a2559e62cddd91f1/
Глава 20	/document/cons_doc_LAW_34661/9352f1eb3b96ec7cabd77615288a9ee37a818173/
Глава 20	/document/cons_doc_LAW_34661/75d58edae04737f3247d92410bb8c0bb873071bf/
Глава 20	/document/cons_doc_LAW_34661/8a1ff145d2dda02df75a71422b34cfb20317a70c/
Глава 20	/document/cons_doc_LAW_34661/2e2c106acb1226a94fd2e04c365126dc89366cbc/
Глава 20	/document/cons_doc_LAW_34661/c1bcab16c81eba5a2d9cafa87dd4a3abae6c0790/
Глава 20	/document/cons_doc_LAW_34661/400b492204e0c6c11a6022a0034bcfc4994effde/
Глава 20	/document/cons_doc_LAW_34661/508da9c0c5bff40280ddfa71e5a004f8d286872d/
Глава 20	/document/cons_doc_LAW_34661/3262fd14537fe74196521d1f5da6bc9ae5508786/
Глава 20	/document/cons_doc_LAW_34661/36f65566525347506c3bca47d7b5ddfc19731d6b/
Глава 20	/document/cons_doc_LAW_34661/6d39b1c0169d4c18024a8032694615ef717a59f6/
Глава 20	/document/cons_doc_LAW_34661/85ddd6c6b35c2468435b835ce56d5706d16eac00/
Глава 20	/document/cons_doc_LAW_34661/d88359fbad259ad7d12e23cc71289dbc85e48704/
Глава 20	/document/cons_doc_LAW_34661/4b08575893a0a390203138248547c5e59e7f52b3/
Глава 20	/document/cons_doc_LAW_34661/e2809307b6a10f99adefda1a4d0f42db31a1b406/
Глава 20	/document/cons_doc_LAW_34661/9cf85fa15186c8328c4ef3c769cf8664e148df00/
Глава 21	/document/cons_doc_LAW_34661/5fa48b6495a885536f726b596deb447beab32371/
Глава 21	/document/cons_doc_LAW_34661/b656bd970cc530d5c736fb85453b57bfcce908a9/
Глава 21	/document/cons_doc_LAW_34661/5bdf255dcb7f509609f17bf83390eb24716637c3/
Глава 21	/document/cons_doc_LAW_34661/b579e6b98d04339110a9676dd035147862ff91e0/
Глава 21	/document/cons_doc_LAW_34661/9f0ab7ff5b0d2354a3389dfc538bdc7a56b1100c/
Глава 21	/document/cons_doc_LAW_34661/e90f7fe21f48f125dd5c0490e71b2e4476297eda/
